,form,league.id,league.name,league.season,team.id,team.name,fixtures.played.total,fixtures.wins.total,fixtures.draws.total,fixtures.loses.total,goals.for.total.total,biggest.streak.wins,biggest.streak.loses,Pontos
144,WLWWLWWWWWWWWDWLWDWWWLWDWDW,128,Liga Profesional Argentina,2023,435,River Plate,27,19,4,4,50,8,1,61
161,LWWWWLDLWWDDLWWWDWWWLDWDWDD,128,Liga Profesional Argentina,2023,456,Talleres Cordoba,27,14,8,5,42,4,1,50
165,WLWWWDWLDWWDWDDWWLDDDWDDWLL,128,Liga Profesional Argentina,2023,460,San Lorenzo,27,12,10,5,23,3,1,46
153,WWWWLLDDLWDDWWLWDWDDWWLDDLW,128,Liga Profesional Argentina,2023,446,Lanus,27,12,9,6,38,4,2,45
156,LDLWDLWLWWDWWWWDWDWLDDDDLWW,128,Liga Profesional Argentina,2023,450,Estudiantes L.P.,27,12,9,6,35,4,1,45
157,WDLWWDLLWLLLDWLWWWLDLWDWWWW,128,Liga Profesional Argentina,2023,451,Boca Juniors,27,13,5,9,33,3,3,44
151,LWWWWDDLDLWWWWDDLDWLLWWDDWL,128,Liga Profesional Argentina,2023,442,Defensa Y Justicia,27,12,8,7,36,4,2,44
146,WDWLWLDWWDWDDLWDWLWDDLDWDDD,128,Liga Profesional Argentina,2023,437,Rosario Central,27,10,12,5,36,2,1,42
148,WWLLLWLWLDWDWDDDWLWLWDWDDLW,128,Liga Profesional Argentina,2023,439,Godoy Cruz,27,11,8,8,37,2,3,41
163,LWLWLWDDWLWDLDDWLLWWWLDDWWL,128,Liga Profesional Argentina,2023,458,Argentinos JRS,27,11,7,9,31,3,2,40
160,LLDDLWDDDLDDWDLLDWLWLWWWDWW,128,Liga Profesional Argentina,2023,455,Atletico Tucuman,27,9,10,8,25,3,2,37
145,DLDWWLWWWLLDLLLLDWDWDWDDDWL,128,Liga Profesional Argentina,2023,436,Racing Club,27,9,9,9,36,3,4,36
149,DWWLLWDLDWWWWLWLDLWLWLLDLLD,128,Liga Profesional Argentina,2023,440,Belgrano Cordoba,27,10,6,11,20,4,2,36
162,DWLWLWDWLDWLLDDWLWDDDDLWDLD,128,Liga Profesional Argentina,2023,457,Newells Old Boys,27,8,11,8,24,1,2,35
170,LWDLWLDDLLWDLDWDDWLDDWWDWDL,128,Liga Profesional Argentina,2023,2432,Barracas Central,27,8,11,8,25,2,2,35
158,WDDLWLLLWDWDWDDLDLLLWLLWLWW,128,Liga Profesional Argentina,2023,452,Tigre,27,9,7,11,27,1,3,34
168,DWDLLDDWWWLDLLLWLWLWWLLWDLD,128,Liga Profesional Argentina,2023,1064,Platense,27,9,7,11,26,3,3,34
167,DWDLWDDWLLWLDLLWLDLDLWDLWWL,128,Liga Profesional Argentina,2023,478,Instituto Cordoba,27,8,8,11,24,2,2,32
155,DLDLDLWWLDLWDDLLLWLLLWWDDWD,128,Liga Profesional Argentina,2023,449,Banfield,27,7,9,11,21,2,3,30
150,DLDDLWDLLLLDLDLWWWDDWLDDDDW,128,Liga Profesional Argentina,2023,441,Union Santa Fe,27,6,12,9,19,3,4,30
166,DLWLDWLLDWLWLDWWDDDLWLLLDLD,128,Liga Profesional Argentina,2023,474,Sarmiento Junin,27,7,9,11,23,2,3,30
143,LLDWLDLWLWLLWDWWLDLWDDDLLDD,128,Liga Profesional Argentina,2023,434,Gimnasia L.P.,27,7,9,11,24,2,2,30
169,LDLLWDWLWWDLLWLDLDWDDDWLLLL,128,Liga Profesional Argentina,2023,1065,Central Cordoba de Santiago,27,7,8,12,20,2,2,29
159,WLDLDDDDDLLDLWDWLDLWLWDLWLL,128,Liga Profesional Argentina,2023,453,Independiente,27,6,10,11,23,1,2,28
147,WLDDLWDWDDLDLDLDDLLLLWWDDDL,128,Liga Profesional Argentina,2023,438,Velez Sarsfield,27,5,12,10,24,2,4,27
154,LLLDDDDDDWDDWLWLDDDWDLLDLLL,128,Liga Profesional Argentina,2023,448,Colon Santa Fe,27,4,13,10,20,1,3,25
152,WWDWDDLLLLLDLWLDDLLLDLLLLWW,128,Liga Profesional Argentina,2023,445,Huracan,27,6,7,14,18,2,5,25
164,LDLLWLDWLLLLWLLLWLWLLLLDLDW,128,Liga Profesional Argentina,2023,459,Arsenal Sarandi,27,6,4,17,18,1,4,22
